<?xml version='1.0' encoding='utf-8' standalone='yes' ?>
<map>
    <boolean name="Hide_div" value="true" />
    <boolean name="tabadgeBKColor_Gactive" value="false" />
    <boolean name="ModConBackColor_Gactive" value="false" />
    <int name="ModChatLeftBubble" value="-2171941" />
    <boolean name="ModlastseenColor_Gactive" value="false" />
    <boolean name="yo_hideinfo" value="true" />
    <boolean name="date_left_color_Gactive" value="false" />
    <boolean name="custom_wall" value="false" />
    <int name="ModChatDarkColor" value="-16294316" />
    <boolean name="ModChatGStatusT_Gactive" value="false" />
    <int name="ModConColor" value="-14344417" />
    <int name="emojipopup_header_GC" value="-14344417" />
    <boolean name="date_divider_color_picker_Gactive" value="false" />
    <int name="ConvoBack" value="-14344417" />
    <boolean name="emojipopup_icons_Gactive" value="false" />
    <int name="btn_voice_color_chat_picker" value="-8973806" />
    <int name="ModChatBubbleText" value="-2171941" />
    <int name="ModlastseenColor" value="-2171941" />
    <boolean name="PicProf" value="true" />
    <int name="emojipopup_header" value="-37780" />
    <int name="tabadgeBKColor" value="-29299" />
    <boolean name="date_right_color_Gactive" value="false" />
    <boolean name="statuses_bar_text_picker_Gactive" value="false" />
    <int name="quoted_name_picker" value="-29299" />
    <boolean name="participant_name_color_picker_Gactive" value="false" />
    <boolean name="disable_hiddenchat_access" value="false" />
    <int name="quoted_bg_picker_GCDir" value="4" />
    <boolean name="Conv_call_btn" value="true" />
    <boolean name="quoted_name_picker_Gactive" value="false" />
    <boolean name="seekbar_color_chat_picker_Gactive" value="false" />
    <int name="ModChatGStatusB_GCDir" value="4" />
    <int name="ModFabTextColor" value="-2171941" />
    <int name="main_text" value="16" />
    <int name="ModChatBubbleTextLeft" value="-2171941" />
    <int name="emojipopup_icons" value="-2171941" />
    <int name="statuses_bar_bg_picker_GC" value="-14344417" />
    <int name="quoted_divider_picker" value="-37780" />
    <int name="ModChatGStatusB_GC" value="-14344417" />
    <boolean name="imsHideMStatus" value="false" />
    <int name="UnSeenColor" value="-29299" />
    <int name="date_right_color" value="1725881307" />
    <int name="statuses_bar_bg_picker" value="-37780" />
    <boolean name="ModWdgStatusColor_Gactive" value="false" />
    <boolean name="ModFabNormalColor_Gactive" value="false" />
    <boolean name="statuschat" value="false" />
    <int name="ModChatEntry" value="-14344417" />
    <int name="pagetitle_picker" value="-2171941" />
    <int name="ModDarkConPickColorNav" value="-14344417" />
    <boolean name="ModWdgTitleColor_Gactive" value="false" />
    <boolean name="Audio_ears" value="false" />
    <boolean name="pagetitle_picker_Gactive" value="false" />
    <boolean name="chat_contactpicV2" value="true" />
    <boolean name="ModDarkConPickColor_Gactive" value="false" />
    <boolean name="pic_inside" value="false" />
    <int name="SeenColor" value="-2171941" />
    <int name="ModConBackColor" value="-14344417" />
    <boolean name="ModChatTextColor_Gactive" value="false" />
    <boolean name="ModOnlineColor_Gactive" value="false" />
    <int name="quoted_text_picker" value="-2171941" />
    <int name="quoted_bg_picker_GC" value="-14344417" />
    <boolean name="emojipopup_header_Gactive" value="true" />
    <boolean name="imsHideVStatus" value="false" />
    <boolean name="custom_wall_profilepic" value="false" />
    <int name="tabindicator" value="-29299" />
    <boolean name="btn_voice_color_chat_picker_Gactive" value="false" />
    <boolean name="chats_date_pending_color_picker_Gactive" value="false" />
    <boolean name="ModFabTextColor_Gactive" value="false" />
    <int name="date_bubble_color_picker" value="-1006670740" />
    <int name="HomeCounterBK" value="-29299" />
    <string name="convostyle">1</string>
    <boolean name="ModFabPressedColor_Gactive" value="false" />
    <boolean name="SeenColor_Gactive" value="false" />
    <int name="chat_icon_bg_forward_picker" value="0" />
    <boolean name="statuses_bar_bg_picker_Gactive" value="true" />
    <boolean name="ModChaSendBKColor_Gactive" value="false" />
    <boolean name="date_bubble_color_picker_Gactive" value="false" />
    <boolean name="ModChatLeftBubble_Gactive" value="false" />
    <boolean name="HomeBarText_Gactive" value="false" />
    <boolean name="hide_action_b" value="false" />
    <boolean name="ModChatColor_Gactive" value="false" />
    <boolean name="elapsed_time" value="false" />
    <int name="ModChatBtnColor" value="-2171941" />
    <int name="ModChatColor" value="-14344417" />
    <boolean name="Audio_sensor" value="true" />
    <boolean name="quoted_bg_picker_Gactive" value="true" />
    <boolean name="emojipopup_body_Gactive" value="false" />
    <int name="BGColor" value="0" />
    <boolean name="NameProf" value="false" />
    <boolean name="home_imgBK" value="false" />
    <int name="ModContactNameColor" value="-29299" />
    <int name="pic_chat_size_pickerV2" value="40" />
    <int name="quoted_bg_picker" value="-37780" />
    <string name="tick_style">circles</string>
    <string name="pic_startlocation">1</string>
    <int name="ModChatGStatusB" value="-37780" />
    <int name="ModFabNormalColor" value="-37780" />
    <boolean name="ModChatEntry_Gactive" value="false" />
    <boolean name="chat_icon_forward_picker_Gactive" value="false" />
    <boolean name="my_name" value="false" />
    <boolean name="HomeCounterText_Gactive" value="false" />
    <boolean name="ModConColor_Gactive" value="false" />
    <boolean name="ModChatBtnColor_Gactive" value="false" />
    <int name="ModChatRightBubble" value="-37780" />
    <int name="date_divider_color_picker" value="-2171941" />
    <int name="statuses_bar_bg_picker_GCDir" value="1" />
    <int name="ModChatTextColor" value="-2171941" />
    <boolean name="chats_show_contact_online_toast_check" value="false" />
    <boolean name="my_statusd" value="false" />
    <string name="ConvoEntry">5</string>
    <boolean name="onlinechat" value="false" />
    <boolean name="ModChatBubbleTextLeft_Gactive" value="false" />
    <int name="participant_name_color_picker" value="-2171941" />
    <boolean name="ModConPickColor_Gactive" value="false" />
    <boolean name="hide_action_l" value="false" />
    <boolean name="ModChatBubbleText_Gactive" value="false" />
    <boolean name="group_mypicV2" value="false" />
    <boolean name="imsHideRStatus" value="false" />
    <boolean name="UnSeenColor_Gactive" value="false" />
    <int name="text_size_pick" value="15" />
    <boolean name="Hide_contact_picker_section_recent_chats" value="false" />
    <boolean name="ModChatGStatusB_Gactive" value="true" />
    <boolean name="ModChaSendColor_Gactive" value="false" />
    <boolean name="hide_action_m" value="false" />
    <boolean name="Hide_contact_picker_section_frequent_chats" value="false" />
    <int name="chats_date_pending_color_picker" value="-2171941" />
    <int name="date_left_color" value="1725881307" />
    <boolean name="ConvoBack_Gactive" value="true" />
    <int name="ModChaSendColor" value="-2171941" />
    <string name="bubble_style">bubble</string>
    <int name="HomeCounterText" value="-14344417" />
    <int name="ModWdgBKColor" value="-14344417" />
    <int name="ModOnlineColor" value="-29299" />
    <int name="pagetitle_sel_picker" value="-29299" />
    <int name="HomeBarText" value="-29299" />
    <int name="ModWdgTitleColor" value="-29299" />
    <boolean name="hide_fab" value="true" />
    <int name="seekbar_color_chat_picker" value="-37780" />
    <int name="square_photo_ratio_picker" value="100" />
    <boolean name="HomeCounterBK_Gactive" value="false" />
    <int name="ModWdgStatusColor" value="-2171941" />
    <boolean name="ModConTextColor_Gactive" value="false" />
    <int name="emojipopup_header_GCDir" value="4" />
    <int name="emojipopup_body" value="-14344417" />
    <boolean name="ModChatRightBubble_Gactive" value="false" />
    <boolean name="group_participants_picV2" value="true" />
    <int name="ModConDarkColor" value="-16294316" />
    <boolean name="rvkdmsg_icon_color_Gactive" value="false" />
    <boolean name="TxtSelect" value="true" />
    <boolean name="tabindicator_Gactive" value="false" />
    <int name="statuses_bar_text_picker" value="-2171941" />
    <boolean name="chat_mypicV2" value="false" />
    <int name="ConvoBack_GC" value="-16777216" />
    <int name="ModChatGStatusT" value="-2171941" />
    <int name="ModConTextColor" value="-2171941" />
    <int name="emojipopup_body_GC" value="-37780" />
    <boolean name="Hide_contact_picker_section_other_contacts" value="false" />
    <boolean name="yo_want_airplanemode" value="true" />
    <boolean name="ModWdgBKColor_Gactive" value="false" />
    <boolean name="chat_icon_bg_forward_picker_Gactive" value="false" />
    <int name="chat_icon_forward_picker" value="-29299" />
    <boolean name="ModContactNameColor_Gactive" value="false" />
    <int name="ModFabPressedColor" value="-29299" />
    <boolean name="BGColor_Gactive" value="false" />
    <boolean name="hide_action_a" value="false" />
    <int name="emojipopup_body_GCDir" value="1" />
    <int name="ModChatEmojiColor" value="-37780" />
    <int name="rvkdmsg_icon_color" value="-37780" />
    <boolean name="ModDarkConPickColorNav_Gactive" value="false" />
    <int name="ModDarkConPickColor" value="-14344417" />
    <string name="HomeEntry">0</string>
    <boolean name="quoted_divider_picker_Gactive" value="false" />
    <int name="ModConPickColor" value="-14344417" />
    <boolean name="pagetitle_sel_picker_Gactive" value="false" />
    <boolean name="quoted_text_picker_Gactive" value="false" />
    <boolean name="enable_ig_stories" value="false" />
    <int name="ConvoBack_GCDir" value="0" />
    <boolean name="ModChatEmojiColor_Gactive" value="false" />
</map>
